{
    "metrics": {
        "iterations": {
            "count": 10,
            "rate": 1.6293820601124664
        },
        "checks": {
            "passes": 10,
            "fails": 110,
            "value": 0.08333333333333333
        },
        "vus": {
            "value": 5,
            "min": 5,
            "max": 10
        },
        "http_req_connecting": {
            "p(90)": 10.39923,
            "p(95)": 12.199814999999997,
            "avg": 4.4015200000000005,
            "min": 0.9991,
            "med": 2.9987500000000002,
            "max": 14.0004
        },
        "data_received": {
            "count": 42300,
            "rate": 6892.286114275733
        },
        "http_reqs": {
            "count": 10,
            "rate": 1.6293820601124664
        },
        "iteration_duration": {
            "avg": 5980.6101,
            "min": 5801.9592,
            "med": 5984.2801500000005,
            "max": 6137.2721,
            "p(90)": 6072.47219,
            "p(95)": 6104.872145
        },
        "http_req_sending": {
            "p(95)": 63.53843499999991,
            "avg": 20.229570000000002,
            "min": 7.0045,
            "med": 10.00025,
            "max": 98.4763,
            "p(90)": 28.600569999999973
        },
        "data_sent": {
            "count": 11078351,
            "rate": 1805086.6375029003
        },
        "http_req_tls_handshaking": {
            "med": 5.75975,
            "max": 17.1625,
            "p(90)": 15.22039,
            "p(95)": 16.191444999999998,
            "avg": 8.669550000000001,
            "min": 4.9982
        },
        "http_req_failed": {
            "passes": 10,
            "fails": 0,
            "value": 1
        },
        "http_req_waiting": {
            "avg": 67.65632,
            "min": 23.9971,
            "med": 78.5013,
            "max": 103.0005,
            "p(90)": 94.00122,
            "p(95)": 98.50085999999999
        },
        "http_req_blocked": {
            "avg": 13.471460000000002,
            "min": 6.0013,
            "med": 9.00135,
            "max": 26.0001,
            "p(90)": 21.64761,
            "p(95)": 23.823854999999995
        },
        "http_req_receiving": {
            "p(90)": 0.0545699999999998,
            "p(95)": 0.3001349999999994,
            "avg": 0.054569999999999994,
            "min": 0,
            "med": 0,
            "max": 0.5457
        },
        "vus_max": {
            "value": 10,
            "min": 10,
            "max": 10
        },
        "http_req_duration": {
            "avg": 87.94046,
            "min": 34.062,
            "med": 89.00399999999999,
            "max": 191.4776,
            "p(90)": 120.84847999999997,
            "p(95)": 156.1630399999999
        }
    },
    "root_group": {
        "name": "",
        "path": "",
        "id": "d41d8cd98f00b204e9800998ecf8427e",
        "groups": {},
        "checks": {
                "200 OK": {
                    "fails": 10,
                    "name": "200 OK",
                    "path": "::200 OK",
                    "id": "e9654c443eff553da9e69eda7007924e",
                    "passes": 0
                },
                "201 Created": {
                    "name": "201 Created",
                    "path": "::201 Created",
                    "id": "728dcd977aae263ca314731145e1d447",
                    "passes": 0,
                    "fails": 10
                },
                "204 No Content": {
                    "path": "::204 No Content",
                    "id": "54fa3c2eda34e1622fda2da5e0479fc5",
                    "passes": 0,
                    "fails": 10,
                    "name": "204 No Content"
                },
                "400 Bad Request": {
                    "name": "400 Bad Request",
                    "path": "::400 Bad Request",
                    "id": "eeae81934b9b58bccaf0184a6d070338",
                    "passes": 10,
                    "fails": 0
                },
                "401 Unauthorized": {
                    "path": "::401 Unauthorized",
                    "id": "6ae9254e6aefe7f0bafe5102fa7e20a5",
                    "passes": 0,
                    "fails": 10,
                    "name": "401 Unauthorized"
                },
                "403 Forbidden": {
                    "passes": 0,
                    "fails": 10,
                    "name": "403 Forbidden",
                    "path": "::403 Forbidden",
                    "id": "655548b761742c5a7ad15aa7df3a5d9c"
                },
                "404 Not Found": {
                    "name": "404 Not Found",
                    "path": "::404 Not Found",
                    "id": "df1528f9925ca236bac51008f77b774a",
                    "passes": 0,
                    "fails": 10
                },
                "429 Too Many Requests": {
                    "fails": 10,
                    "name": "429 Too Many Requests",
                    "path": "::429 Too Many Requests",
                    "id": "b810c35b9499cc7342fd415032e3a6aa",
                    "passes": 0
                },
                "500 Internal Server Error": {
                    "id": "3cd96245b24e869810efe46d533b0eef",
                    "passes": 0,
                    "fails": 10,
                    "name": "500 Internal Server Error",
                    "path": "::500 Internal Server Error"
                },
                "502 Bad Gateway": {
                    "passes": 0,
                    "fails": 10,
                    "name": "502 Bad Gateway",
                    "path": "::502 Bad Gateway",
                    "id": "712cb0ec189a11f31f0d6d0c0031b569"
                },
                "503 Service Unavailable": {
                    "name": "503 Service Unavailable",
                    "path": "::503 Service Unavailable",
                    "id": "f1ea1a22be0dc738c385523a66ea1cd9",
                    "passes": 0,
                    "fails": 10
                },
                "504 Gateway Timeout": {
                    "name": "504 Gateway Timeout",
                    "path": "::504 Gateway Timeout",
                    "id": "218efb729cb654723ccd57c6ebbebe29",
                    "passes": 0,
                    "fails": 10
                }
            }
    }
}