{
    "metrics": {
        "http_req_receiving": {
            "p(90)": 0.9975,
            "p(95)": 1.0409,
            "avg": 59.76001490000019,
            "min": 0,
            "med": 0,
            "max": 11577.8375
        },
        "checks": {
            "passes": 5000,
            "fails": 55000,
            "value": 0.08333333333333333
        },
        "http_req_duration": {
            "avg": 85888.69429369987,
            "min": 23.5248,
            "med": 103886.58935,
            "max": 123278.6244,
            "p(90)": 114321.09866,
            "p(95)": 115378.12522
        },
        "http_req_blocked": {
            "p(90)": 1300.7780700000005,
            "p(95)": 3602.1278850000035,
            "avg": 605.1250447799991,
            "min": 2.9997,
            "med": 43.99855,
            "max": 12654.135
        },
        "http_req_waiting": {
            "p(95)": 115241.469905,
            "avg": 85762.7889371402,
            "min": 22.0004,
            "med": 103857.61730000001,
            "max": 117528.7645,
            "p(90)": 114285.18592
        },
        "data_sent": {
            "count": 167085927,
            "rate": 1039558.3404043305
        },
        "http_req_duration{expected_response:true}": {
            "avg": 94787.10479955836,
            "min": 2426.0063,
            "med": 105065.17004999999,
            "max": 123278.6244,
            "p(90)": 114501.71932999999,
            "p(95)": 115490.67603500001
        },
        "iterations": {
            "count": 5000,
            "rate": 31.108494864571405
        },
        "http_req_tls_handshaking": {
            "avg": 437.3714818199997,
            "min": 1.9958,
            "med": 20.00175,
            "max": 11900.7762,
            "p(90)": 600.2949400000001,
            "p(95)": 2854.2644350000005
        },
        "iteration_duration": {
            "avg": 89783.72420697994,
            "min": 1077.7278,
            "med": 107808.58795,
            "max": 130782.3976,
            "p(90)": 117769.41227,
            "p(95)": 119835.48726000001
        },
        "http_reqs": {
            "count": 5000,
            "rate": 31.108494864571405
        },
        "http_req_failed": {
            "passes": 470,
            "fails": 4530,
            "value": 0.094
        },
        "data_received": {
            "count": 20774010,
            "rate": 129249.636680311
        },
        "http_req_connecting": {
            "p(90)": 291.4927100000003,
            "p(95)": 518.59126,
            "avg": 135.17120051999987,
            "min": 0,
            "med": 17.999049999999997,
            "max": 10822.8151
        },
        "http_req_sending": {
            "avg": 66.14534165999989,
            "min": 0,
            "med": 1.0013,
            "max": 10420.9256,
            "p(90)": 38.73889000000001,
            "p(95)": 106.997535
        },
        "vus": {
            "max": 5000,
            "value": 21,
            "min": 0
        },
        "vus_max": {
            "value": 5000,
            "min": 3799,
            "max": 5000
        }
    },
    "root_group": {
        "name": "",
        "path": "",
        "id": "d41d8cd98f00b204e9800998ecf8427e",
        "groups": {},
        "checks": {
                "200 OK": {
                    "name": "200 OK",
                    "path": "::200 OK",
                    "id": "e9654c443eff553da9e69eda7007924e",
                    "passes": 4530,
                    "fails": 470
                },
                "201 Created": {
                    "name": "201 Created",
                    "path": "::201 Created",
                    "id": "728dcd977aae263ca314731145e1d447",
                    "passes": 0,
                    "fails": 5000
                },
                "204 No Content": {
                    "name": "204 No Content",
                    "path": "::204 No Content",
                    "id": "54fa3c2eda34e1622fda2da5e0479fc5",
                    "passes": 0,
                    "fails": 5000
                },
                "400 Bad Request": {
                    "passes": 470,
                    "fails": 4530,
                    "name": "400 Bad Request",
                    "path": "::400 Bad Request",
                    "id": "eeae81934b9b58bccaf0184a6d070338"
                },
                "401 Unauthorized": {
                    "id": "6ae9254e6aefe7f0bafe5102fa7e20a5",
                    "passes": 0,
                    "fails": 5000,
                    "name": "401 Unauthorized",
                    "path": "::401 Unauthorized"
                },
                "403 Forbidden": {
                    "name": "403 Forbidden",
                    "path": "::403 Forbidden",
                    "id": "655548b761742c5a7ad15aa7df3a5d9c",
                    "passes": 0,
                    "fails": 5000
                },
                "404 Not Found": {
                    "name": "404 Not Found",
                    "path": "::404 Not Found",
                    "id": "df1528f9925ca236bac51008f77b774a",
                    "passes": 0,
                    "fails": 5000
                },
                "429 Too Many Requests": {
                    "passes": 0,
                    "fails": 5000,
                    "name": "429 Too Many Requests",
                    "path": "::429 Too Many Requests",
                    "id": "b810c35b9499cc7342fd415032e3a6aa"
                },
                "500 Internal Server Error": {
                    "passes": 0,
                    "fails": 5000,
                    "name": "500 Internal Server Error",
                    "path": "::500 Internal Server Error",
                    "id": "3cd96245b24e869810efe46d533b0eef"
                },
                "502 Bad Gateway": {
                    "id": "712cb0ec189a11f31f0d6d0c0031b569",
                    "passes": 0,
                    "fails": 5000,
                    "name": "502 Bad Gateway",
                    "path": "::502 Bad Gateway"
                },
                "503 Service Unavailable": {
                    "fails": 5000,
                    "name": "503 Service Unavailable",
                    "path": "::503 Service Unavailable",
                    "id": "f1ea1a22be0dc738c385523a66ea1cd9",
                    "passes": 0
                },
                "504 Gateway Timeout": {
                    "id": "218efb729cb654723ccd57c6ebbebe29",
                    "passes": 0,
                    "fails": 5000,
                    "name": "504 Gateway Timeout",
                    "path": "::504 Gateway Timeout"
                }
            }
    }
}