{
    "metrics": {
        "data_received": {
            "count": 20762058,
            "rate": 127924.83889448222
        },
        "http_req_duration": {
            "avg": 75419.29479708003,
            "min": 16.0017,
            "med": 86019.30765,
            "max": 139391.2269,
            "p(90)": 105833.50605,
            "p(95)": 106466.888015
        },
        "checks": {
            "passes": 5000,
            "fails": 55000,
            "value": 0.08333333333333333
        },
        "http_req_failed": {
            "passes": 326,
            "fails": 4674,
            "value": 0.0652
        },
        "iteration_duration": {
            "avg": 99837.68217078013,
            "min": 1124.0822,
            "med": 111121.7243,
            "max": 159392.5104,
            "p(90)": 141852.49258999998,
            "p(95)": 144585.03925499998
        },
        "http_req_receiving": {
            "p(95)": 2.0926150000000385,
            "avg": 534.4354251999986,
            "min": 0,
            "med": 0,
            "max": 54012.1273,
            "p(90)": 1.0015
        },
        "http_req_sending": {
            "avg": 409.58852684000004,
            "min": 0,
            "med": 2.0002,
            "max": 51414.4867,
            "p(90)": 135.0061,
            "p(95)": 503.05994500000025
        },
        "http_req_tls_handshaking": {
            "min": 1.9803,
            "med": 53.08295,
            "max": 55932.5149,
            "p(90)": 14931.22961,
            "p(95)": 19702.629550000016,
            "avg": 2951.3034441199966
        },
        "vus": {
            "value": 189,
            "min": 0,
            "max": 5000
        },
        "http_req_connecting": {
            "p(95)": 1470.6460600000028,
            "avg": 506.22379800000107,
            "min": 0,
            "med": 59.0013,
            "max": 38836.4772,
            "p(90)": 764.3373100000002
        },
        "vus_max": {
            "value": 5000,
            "min": 3524,
            "max": 5000
        },
        "data_sent": {
            "count": 167088303,
            "rate": 1029509.8993764217
        },
        "http_reqs": {
            "count": 5000,
            "rate": 30.80735996751435
        },
        "http_req_duration{expected_response:true}": {
            "avg": 80636.17646921269,
            "min": 120.4825,
            "med": 87539.23819999999,
            "max": 139391.2269,
            "p(90)": 105950.87078,
            "p(95)": 106492.10255499999
        },
        "iterations": {
            "count": 5000,
            "rate": 30.80735996751435
        },
        "http_req_blocked": {
            "avg": 3562.893685300001,
            "min": 3.9964,
            "med": 136.36975,
            "max": 58498.5086,
            "p(90)": 16586.221360000007,
            "p(95)": 21404.855950000005
        },
        "http_req_waiting": {
            "min": 14.9998,
            "med": 85723.67955,
            "max": 107551.6177,
            "p(90)": 105624.66442,
            "p(95)": 106348.655025,
            "avg": 74475.27084504004
        }
    },
    "root_group": {
        "groups": {},
        "checks": {
                "200 OK": {
                    "fails": 326,
                    "name": "200 OK",
                    "path": "::200 OK",
                    "id": "e9654c443eff553da9e69eda7007924e",
                    "passes": 4674
                },
                "201 Created": {
                    "path": "::201 Created",
                    "id": "728dcd977aae263ca314731145e1d447",
                    "passes": 0,
                    "fails": 5000,
                    "name": "201 Created"
                },
                "204 No Content": {
                    "path": "::204 No Content",
                    "id": "54fa3c2eda34e1622fda2da5e0479fc5",
                    "passes": 0,
                    "fails": 5000,
                    "name": "204 No Content"
                },
                "400 Bad Request": {
                    "name": "400 Bad Request",
                    "path": "::400 Bad Request",
                    "id": "eeae81934b9b58bccaf0184a6d070338",
                    "passes": 326,
                    "fails": 4674
                },
                "401 Unauthorized": {
                    "fails": 5000,
                    "name": "401 Unauthorized",
                    "path": "::401 Unauthorized",
                    "id": "6ae9254e6aefe7f0bafe5102fa7e20a5",
                    "passes": 0
                },
                "403 Forbidden": {
                    "name": "403 Forbidden",
                    "path": "::403 Forbidden",
                    "id": "655548b761742c5a7ad15aa7df3a5d9c",
                    "passes": 0,
                    "fails": 5000
                },
                "404 Not Found": {
                    "name": "404 Not Found",
                    "path": "::404 Not Found",
                    "id": "df1528f9925ca236bac51008f77b774a",
                    "passes": 0,
                    "fails": 5000
                },
                "429 Too Many Requests": {
                    "passes": 0,
                    "fails": 5000,
                    "name": "429 Too Many Requests",
                    "path": "::429 Too Many Requests",
                    "id": "b810c35b9499cc7342fd415032e3a6aa"
                },
                "500 Internal Server Error": {
                    "passes": 0,
                    "fails": 5000,
                    "name": "500 Internal Server Error",
                    "path": "::500 Internal Server Error",
                    "id": "3cd96245b24e869810efe46d533b0eef"
                },
                "502 Bad Gateway": {
                    "name": "502 Bad Gateway",
                    "path": "::502 Bad Gateway",
                    "id": "712cb0ec189a11f31f0d6d0c0031b569",
                    "passes": 0,
                    "fails": 5000
                },
                "503 Service Unavailable": {
                    "fails": 5000,
                    "name": "503 Service Unavailable",
                    "path": "::503 Service Unavailable",
                    "id": "f1ea1a22be0dc738c385523a66ea1cd9",
                    "passes": 0
                },
                "504 Gateway Timeout": {
                    "name": "504 Gateway Timeout",
                    "path": "::504 Gateway Timeout",
                    "id": "218efb729cb654723ccd57c6ebbebe29",
                    "passes": 0,
                    "fails": 5000
                }
            },
        "name": "",
        "path": "",
        "id": "d41d8cd98f00b204e9800998ecf8427e"
    }
}