{
    "metrics": {
        "http_req_waiting": {
            "min": 888.6906,
            "med": 105425.73215,
            "max": 124506.0938,
            "p(90)": 118410.49724,
            "p(95)": 120569.034535,
            "avg": 103640.79123068706
        },
        "data_received": {
            "count": 638250000,
            "rate": 5034304.547843545
        },
        "http_req_connecting": {
            "avg": 763.0459539266604,
            "min": 2.0028,
            "med": 780.62595,
            "max": 3028.5592,
            "p(90)": 855.4111,
            "p(95)": 862.410105
        },
        "http_req_blocked": {
            "avg": 3759.3639289799808,
            "min": 99.209,
            "med": 3098.8380500000003,
            "max": 7431.9402,
            "p(90)": 6728.399620000001,
            "p(95)": 7039.80062
        },
        "data_sent": {
            "rate": 90629.31336423397,
            "count": 11490000
        },
        "http_req_duration": {
            "avg": 103645.85323610698,
            "min": 890.7035,
            "med": 105427.7758,
            "max": 124506.0938,
            "p(90)": 118412.28831,
            "p(95)": 120570.91934000001
        },
        "checks": {
            "fails": 165000,
            "passes": 15000,
            "value": 0.08333333333333333
        },
        "vus_max": {
            "value": 15000,
            "min": 4426,
            "max": 15000
        },
        "http_reqs": {
            "count": 15000,
            "rate": 118.31503050161092
        },
        "http_req_failed": {
            "passes": 0,
            "fails": 15000,
            "value": 0
        },
        "iterations": {
            "rate": 118.31503050161092,
            "count": 15000
        },
        "vus": {
            "value": 230,
            "min": 0,
            "max": 15000
        },
        "http_req_duration{expected_response:true}": {
            "min": 890.7035,
            "med": 105427.7758,
            "max": 124506.0938,
            "p(90)": 118412.28831,
            "p(95)": 120570.91934000001,
            "avg": 103645.85323610698
        },
        "http_req_tls_handshaking": {
            "min": 2.9977,
            "med": 2296.2088999999996,
            "max": 6738.6588,
            "p(90)": 6029.1159,
            "p(95)": 6380.340679999999,
            "avg": 2995.7750599733236
        },
        "http_req_receiving": {
            "min": 0,
            "med": 1.21665,
            "max": 1339.4465,
            "p(90)": 4.384080000000011,
            "p(95)": 26.3534,
            "avg": 3.977661693333315
        },
        "iteration_duration": {
            "max": 126612.7726,
            "p(90)": 123535.79976,
            "p(95)": 124709.43515,
            "avg": 108405.92299958025,
            "min": 1990.1479,
            "med": 110002.7083
        },
        "http_req_sending": {
            "max": 36.9996,
            "p(90)": 4.0001,
            "p(95)": 5.9987,
            "avg": 1.0843437266666698,
            "min": 0,
            "med": 0
        }
    },
    "root_group": {
        "name": "",
        "path": "",
        "id": "d41d8cd98f00b204e9800998ecf8427e",
        "groups": {},
        "checks": {
                "200 OK": {
                    "name": "200 OK",
                    "path": "::200 OK",
                    "id": "e9654c443eff553da9e69eda7007924e",
                    "passes": 15000,
                    "fails": 0
                },
                "201 Created": {
                    "name": "201 Created",
                    "path": "::201 Created",
                    "id": "728dcd977aae263ca314731145e1d447",
                    "passes": 0,
                    "fails": 15000
                },
                "204 No Content": {
                    "name": "204 No Content",
                    "path": "::204 No Content",
                    "id": "54fa3c2eda34e1622fda2da5e0479fc5",
                    "passes": 0,
                    "fails": 15000
                },
                "400 Bad Request": {
                    "path": "::400 Bad Request",
                    "id": "eeae81934b9b58bccaf0184a6d070338",
                    "passes": 0,
                    "fails": 15000,
                    "name": "400 Bad Request"
                },
                "401 Unauthorized": {
                    "name": "401 Unauthorized",
                    "path": "::401 Unauthorized",
                    "id": "6ae9254e6aefe7f0bafe5102fa7e20a5",
                    "passes": 0,
                    "fails": 15000
                },
                "403 Forbidden": {
                    "fails": 15000,
                    "name": "403 Forbidden",
                    "path": "::403 Forbidden",
                    "id": "655548b761742c5a7ad15aa7df3a5d9c",
                    "passes": 0
                },
                "404 Not Found": {
                    "passes": 0,
                    "fails": 15000,
                    "name": "404 Not Found",
                    "path": "::404 Not Found",
                    "id": "df1528f9925ca236bac51008f77b774a"
                },
                "429 Too Many Requests": {
                    "name": "429 Too Many Requests",
                    "path": "::429 Too Many Requests",
                    "id": "b810c35b9499cc7342fd415032e3a6aa",
                    "passes": 0,
                    "fails": 15000
                },
                "500 Internal Server Error": {
                    "name": "500 Internal Server Error",
                    "path": "::500 Internal Server Error",
                    "id": "3cd96245b24e869810efe46d533b0eef",
                    "passes": 0,
                    "fails": 15000
                },
                "502 Bad Gateway": {
                    "name": "502 Bad Gateway",
                    "path": "::502 Bad Gateway",
                    "id": "712cb0ec189a11f31f0d6d0c0031b569",
                    "passes": 0,
                    "fails": 15000
                },
                "503 Service Unavailable": {
                    "name": "503 Service Unavailable",
                    "path": "::503 Service Unavailable",
                    "id": "f1ea1a22be0dc738c385523a66ea1cd9",
                    "passes": 0,
                    "fails": 15000
                },
                "504 Gateway Timeout": {
                    "id": "218efb729cb654723ccd57c6ebbebe29",
                    "passes": 0,
                    "fails": 15000,
                    "name": "504 Gateway Timeout",
                    "path": "::504 Gateway Timeout"
                }
            }
    }
}